track_name,acousticness,danceability,energy,instrumentalness,loudness,tempo,valence,happiness,sadness,love,calm,energetic
I Ain't Worried,0.08296761089,0.7113543092,0.7959245222,0.0008028017241,0.8414876477,0.5345123415,0.84579139,1,0,0,0,1
Overwhelming,0.2532276796,0.7715458276,0.6199973862,0,0.8793233083,0.2521125523,0.6765902763,1,0,1,0,0
Satellite,0.1436742706,0.53625171,0.4541232294,3.29E-05,0.8268259936,0.5285977806,0.2846433926,0,0,1,0,0
The Spins,0.01351678001,0.8344733242,0.7647602867,0,0.8960794844,0.4584546014,0.5512957807,1,0,0,0,0
Waste of Time,0.6060097583,0.8891928865,0.5325364672,0,0.7661385607,0.493461775,0.5459413151,1,0,0,0,1
Everything But You (feat. A7S),0.03110563009,0.6771545828,0.7627496909,9.75E-06,0.8582975295,0.4465727755,0.4666952238,0,0,0,0,1
We Will Meet Again,0.3688115516,0.2968536252,0.7848662451,0.007004310345,0.8273093448,0.5045061927,0.245020347,0,0,0,0,1
Another Day in Paradise,0.1617656592,0.6415868673,0.8009510118,0,0.8581095596,0.6982344157,0.5620047119,1,0,1,0,0
As It Was,0.3436846229,0.4596443228,0.7295748595,0.001088362069,0.8573039742,0.7332415893,0.6712358107,1,0,0,0,1
Something About Your Love,0.0134162723,0.5512995896,0.8250781619,0.0001411637931,0.8468313641,0.4292565807,0.2557292782,0,0,1,0,1
Meet Me At Our Spot - Live,0.1597555049,0.6976744186,0.472218592,4.20E-06,0.8117346939,0.2709513074,0.3810237738,0,0,1,0,0
Skyline,0.01793911946,0.7510259918,0.6511616217,0.02349137931,0.8370032223,0.4174040348,0.7676161919,1,0,1,0,0
hello!,0.3316236971,0.5389876881,0.4269801856,0,0.8359291085,0.1772787164,0.270721782,0,1,0,0,0
Too Late (with AJR),0.0202507969,0.7496580027,0.6210026841,0,0.8151181525,0.2359265657,0.6541015207,0,1,1,0,0
Confetti,0.5416848209,0.8399452804,0.4933298483,1.30E-06,0.844226638,0.3650455304,0.4420646819,0,1,0,1,0
Pursuit Of Happiness (Nightmare),0.4864055778,0.610123119,0.6029073216,0.0001001077586,0.7602846402,0.3897695664,0.2471621332,1,0,0,0,0
Leave Before You Love Me (with Jonas Brothers),0.00221971288,0.7346101231,0.7366119449,4.75E-06,0.872556391,0.4172869148,0.6444634825,0,0,1,0,1
Sunroof,0.3537353943,0.7989056088,0.7124847949,0,0.8634264232,0.4844376775,0.8639965731,1,0,0,0,1
Better Not (with Wafia),0.2793596855,0.8194254446,0.534547063,0,0.922207304,0.3822211812,0.3831655601,0,0,0,0,1
Night Feels,0.07171074684,0.756497948,0.6803152614,0.009870689655,0.8878625134,0.4527274324,0.3831655601,1,0,0,0,1
West Coast (feat. Quinn XCII),0.002440829852,0.7250341997,0.7969298202,0.0007306034483,0.8868152524,0.4116710099,0.6680231313,1,0,0,0,1
Stay Next To Me (with Chelsea Cutler),0.08085694888,0.5430916553,0.5817960653,0,0.8683136412,0.768518139,0.7718997644,1,0,1,0,0
Geronimo,0.4582634177,0.7127222982,0.7788344576,0.001637931034,0.8323576799,0.5464234474,0.4517027201,0,0,0,0,1
Anyone,0.1858875108,0.6853625171,0.5184622963,3.87E-06,0.7781686359,0.3933300149,0.5812807882,0,0,1,0,0
Icee Pop,0.1205574962,0.9986320109,0.5697324902,0,0.823254565,0.5052030568,0.8875562219,1,0,1,0,0
Change My Mind,0.3959486345,0.7058823529,0.6380927488,0,0.8521482277,0.756220537,0.7569072607,1,0,0,0,0
moon and back,0.5738472896,0.560875513,0.4913192525,2.67E-05,0.8861976369,0.7695605071,0.4827586207,0,0,1,0,0
The Lows,0.1155321105,0.6046511628,0.6240185779,0,0.809962406,0.2082159693,0.8211608481,1,0,0,0,0
Paradise,0.05110666532,0.3625170999,0.5828013632,9.43E-05,0.8190923738,0.5323866132,0.1893339045,0,0,1,0,0
Antibodies - LP Giobbi Remix,0.1758367393,0.5827633379,0.7637549888,1.13E-06,0.8686895811,0.4468714315,0.2225315913,0,0,1,0,1
Your Light,0.02055232004,0.5937072503,0.9557668915,0.3556034483,0.9184210526,0.3004245601,0.7890340544,1,0,0,0,1
Upside Down,0.2562429111,0.8317373461,0.6451298342,0.0002403017241,0.7773899033,0.3148127544,0.7055043907,1,0,0,0,0
Come Hang Out,0.003807734772,0.585499316,0.723543072,0,0.8752953813,0.2479489357,0.3756693082,0,0,0,0,1
Magic In The Hamptons (feat. Lil Yachty),0.6632991557,0.8002735978,0.4762397837,0,0.8572771214,0.2771820923,0.8222317413,1,0,1,0,0
Unbreakable,0.003375551599,0.3748290014,0.8482000141,1.29E-06,0.8866809882,0.2412555266,0.3788819876,0,0,0,0,1
Who Do You Love,0.03371883067,0.6785225718,0.4078795251,0,0.7385338346,0.8456826633,0.1347183551,0,0,1,0,1
Bad Habit,0.6291265327,0.6867305062,0.5043881254,8.09E-05,0.8100698174,0.7041079847,0.7012208182,0,1,1,0,0
Wherever I Go,0.1004559532,0.487004104,0.673278176,0,0.8274704619,0.30013176,0.3349753695,0,0,0,0,1
Another Life (feat. FLETCHER & Josh Golden),0.01984876604,0.634746922,0.7225377741,0,0.8613050483,0.4467894475,0.3713857357,0,0,1,0,1
Straight Up Relaxin' (feat. Cosmo's Midnight),0.07583156314,0.6757865937,0.6722728781,2.76E-06,0.8066595059,0.3586566334,0.7204968944,1,0,0,1,0
Bedroom Eyes (feat. Studio Killers),0.003466008542,0.6388508892,0.7848662451,7.53E-05,0.9006176155,0.3531227125,0.4056543157,0,0,1,0,1
Burn The House Down,0.03653304669,0.3693570451,0.6581987072,0,0.8836466165,0.7942786871,0.5705718569,1,0,0,0,1
I Wanna Help Your Mind,0.200963668,0.7701778386,0.723543072,0.2122844828,0.7719387755,0.4170878107,0.8179481688,1,0,0,0,1
ME WITHOUT U,0.01763759632,0.7236662107,0.9055019955,6.80E-05,0.9389097744,0.4410447106,0.7472692225,1,0,0,0,1
CLASH - Edit,0.002390575995,0.4774281806,0.7144953907,0.244612069,0.739688507,0.4177671068,0.3692439495,0,0,0,0,1
Better Than This,0.01773810403,0.6689466484,0.8381470349,0.4482758621,0.8183941998,0.4468831435,0.219318912,0,0,0,0,1
Dandelion,0.01572794974,0.5813953488,0.6903682406,0,0.9212137487,0.3996193599,0.4484900407,0,0,0,0,1
Views,0.0659818071,0.2886456908,0.8512159078,0,0.8423200859,0.162269786,0.08224459199,0,0,0,1,0
Keep On Rising,0.01110459486,0.5937072503,0.7587284992,1.37E-05,0.8001611171,0.4174040348,0.5737845363,1,0,0,0,1
3 Nights,0.2240804424,0.8632010944,0.5154464025,0,0.8235767991,0.6041811847,0.9014778325,1,0,1,0,0
Everybody Dies In Their Nightmares,0.8512485822,0.7523939808,0.5677218944,2.31E-05,0.8109022556,0.4757122361,0.700149925,0,1,0,0,0
golden hour,0.6562636157,0.4528043776,0.5908437465,0.1745689655,0.8717239527,0.2679061869,0.1261512101,0,1,1,0,0
ALWAYS DO,0.04437264843,0.7906976744,0.4229589939,0,0.8162996778,0.6975024156,0.5855643607,0,1,1,0,0
Out Of Reach,0.002792606854,0.6607387141,0.698410624,4.01E-05,0.8024973147,0.5820864931,0.5545084601,1,0,1,0,0
Good News,0.8572790451,0.8344733242,0.3163974144,0.1443965517,0.6537056928,0.7341668375,0.2203898051,0,0,0,1,0
comethru,0.6100300669,0.8358413133,0.1736451097,0,0.6786519871,0.2650660264,0.6134075819,0,0,1,0,0
Love Is a Drug,0.7889337991,0.8878248974,0.2892543705,0,0.5377013963,0.3592188095,0.4120796744,0,1,0,0,0
"fuck, i'm lonely",0.4542431091,0.8549931601,0.5446000422,0,0.8044844253,0.2709805874,0.7312058257,0,1,1,0,0
i walk this earth all by myself,0.5095223522,0.5622435021,0.5858172569,0.8415948276,0.696858217,0.6871607179,0.5170272007,0,1,0,1,0
Nothing's the Same,0.494446195,0.755129959,0.3043338393,0.002672413793,0.6906820623,0.4921910228,0.4324266438,0,1,0,0,0
Will It Ever Feel The Same?,0.5889234468,0.6224350205,0.5415841485,0,0.8354457573,0.4754487161,0.4795459413,0,1,1,0,0
Revenge,0.7859185676,0.7688098495,0.2470318579,0.0021875,0.5664607948,0.5345416215,0.1550653245,0,1,0,0,0
I Can't Go Back To The Way It Was (Intro),0.8723552023,0.3488372093,0.4269801856,0.0015625,0.7580827068,0.5739583638,0.1229385307,0,1,0,1,0
ceilings,0.4753497292,0.4541723666,0.3184080102,0.002090517241,0.6848012889,0.581424765,0.2418076676,0,0,1,0,0
Pluto Projector,0.7105377816,0.2667578659,0.2148623244,0.000744612069,0.7,0.1819342371,0.1636324695,0,1,1,0,0
"always, i'll care",0.9015024396,0.7496580027,0.2168729203,2.82E-05,0.6616809882,0.3305536849,0.6872992075,0,1,1,0,0
Closer 2,0.2200601338,0.1108071135,0.5687271923,0.0003997844828,0.7978786251,0.7378736861,0.1197258514,0,1,0,0,0
Changes,0.8874313595,0.6634746922,0.3043338393,0,0.7302900107,0.09496091119,0.5191689869,0,1,1,0,0
love sux,0.1698062764,0.1874145007,0.7034371136,0,0.8553705693,0.07786138846,0.2857142857,0,1,1,0,0
In My Room,0.596964064,0.926128591,0.6451298342,0.7122844828,0.8012620838,0.6401721664,0.6798029557,0,1,0,0,0
I Fall Apart,0.06919805397,0.5088919289,0.5355523609,0,0.855424275,0.5576786812,0.2739344613,0,1,1,0,0
Dead Inside (Interlude),0.9778883028,0.3789329685,0.02274989193,0.002435344828,0.4100966702,0.2323075572,0.3414007282,0,1,0,0,0
HAPPY,0.3075018456,0.7496580027,0.8542318016,0,0.8915145005,0.3354668697,0.1989719426,0,1,0,0,1
Talk It Out,0.467309112,0.6320109439,0.4883033587,0.1939655172,0.6487110634,0.5640207302,0.6905118869,0,1,0,1,0
DANCING ALL ALONE,0.06960008483,0.3009575923,0.5737536819,4.09E-06,0.8448174006,0.5692969871,0.4859713001,0,1,1,0,0
The Bottom,0.3366490828,0.7660738714,0.6722728781,2.48E-06,0.8581632653,0.5229057477,0.7419147569,0,1,0,0,0
OK,0.09623462923,0.4924760602,0.5707377881,0,0.8477443609,0.4348607736,0.2118226601,0,1,1,0,0
Love Hurts,0.3215729256,0.7222982216,0.4008424397,0,0.7967239527,0.5344947735,0.5491539944,0,1,0,0,0
erase me,0.0632680988,0.6880984952,0.6290450675,0,0.8499462943,0.8043392967,0.8757763975,0,1,0,0,0
My Mind & Me,0.5688219038,0.5690834473,0.3857629709,0,0.846858217,0.5554943929,0.2236024845,0,1,0,0,0
Say Less,0.5849031382,0.6005471956,0.3857629709,2.03E-06,0.7504564984,0.4649781864,0.1572071107,0,1,0,0,0
Silver Soul,0.4693192663,0.2352941176,0.6682516864,0.0001142241379,0.844226638,0.5054548649,0.08759905761,0,1,0,0,0
Save Me,0.6562636157,0.6744186047,0.4008424397,0,0.7441460795,0.2012648962,0.3424716213,0,1,0,0,0
ghost town,0.09734021409,0.5321477428,0.5425894464,0,0.8866004296,0.2029689925,0.2803598201,0,1,0,0,0
snowfall,0.9336649083,0.3857729138,0.08698842902,0.8653017241,0.2806390977,0.2711094194,0.05236667381,0,0,0,1,0
In My Head,0.2703139911,0.6142270862,0.5456053401,0,0.8493555317,0.6517319123,0.3371171557,0,1,0,0,0
Hate Me!,0.08789248891,0.6238030096,0.7878821389,0,0.8693071966,0.1540128246,0.7783251232,0,1,0,0,0
wallflower (feat. Ouse & Snøw),0.1306082677,0.6388508892,0.8301046515,0,0.8592105263,0.5339443094,0.296423217,0,1,0,0,0
Goodbye,0.4482126462,0.512995896,0.4702079961,0.001519396552,0.7935553169,0.4246127719,0.3874491326,0,1,0,0,0
hate to be lame,0.8753704337,0.462380301,0.2470318579,0.0002780172414,0.6616004296,0.5191227711,0.2867851788,0,1,0,0,0
idtwcbf (friends),0.440172029,0.659370725,0.5717430861,0,0.7933673469,0.2475097356,0.6755193832,0,1,1,0,0
Can You Afford To Lose Me?,0.836172425,0.2872777018,0.333487479,1.06E-05,0.715037594,0.4723626036,0.2568001713,0,1,0,0,0
I’m Tired (with Zendaya) - Bonus Track,0.6542534614,0.2612859097,0.1284067033,0,0.7153598281,0.4860656458,0.167916042,0,1,0,0,0
Orlando,0.863309508,0.5280437756,0.02274989193,0.09612068966,0.4023093448,0.2118935379,0.262154637,0,1,0,0,0
i think you loved me,0.1376438077,0.243502052,0.2450212621,1.87E-06,0.5939312567,0.2613006178,0.1486399657,0,1,1,0,0
hypochondriac,0.9427106026,0.3953488372,0.03682406281,0,0.5308539205,0.4932333909,0.614478475,0,1,1,0,0
Face 2 Face,0.09522955208,0.7209302326,0.7185165824,0,0.8789473684,0.6282259245,0.4302848576,0,1,0,0,0
she's all i wanna be,0.01291373373,0.5718194254,0.6240185779,9.72E-06,0.8577067669,0.6523585044,0.6251874063,0,1,0,0,1
Comfort Chain,0.9849238428,0.8837209302,0.2470318579,0.9622844828,0.4696562836,0.3588615934,0.1379310345,0,0,0,1,0
Riptide,0.433136489,0.4103967168,0.7295748595,0,0.8208915145,0.3099932656,0.5084600557,0,0,1,0,0
Stolen Dance,0.4140400232,0.950752394,0.5626954048,0.0002575431034,0.7640977444,0.3823441572,0.6958663525,0,0,1,0,0
"Hey, Soul Sister",0.1858875108,0.6689466484,0.8853960371,0,0.8814178303,0.2828097092,0.8136645963,1,0,1,0,0
Flowers,0.06346911423,0.7154582763,0.6793099635,5.55E-06,0.8845059076,0.4057096009,0.6541015207,0,0,1,0,0
I Ain't Worried,0.08296761089,0.7113543092,0.7959245222,0.0008028017241,0.8414876477,0.5345123415,0.84579139,1,0,0,0,1
Breakeven,0.1446793477,0.610123119,0.6943894323,0,0.8797798067,0.2653705385,0.4881130863,0,1,1,0,0
Creepin' (with The Weeknd & 21 Savage),0.4190654089,0.7264021888,0.6179867904,0,0.8393931257,0.2883026381,0.1464981795,0,1,0,0,0
Heat Waves,0.4421821833,0.7893296854,0.522483488,7.22E-06,0.8153598281,0.1882821421,0.5309488113,1,0,1,0,0
Shape of You,0.5838980611,0.876880985,0.6501563238,0,0.9151718582,0.2767487483,0.9593060613,0,0,1,0,0
Fireflies,0.02758786008,0.4487004104,0.660209303,0,0.8181256713,0.7694550991,0.4677661169,0,0,1,0,0
Kill Bill,0.0523127579,0.6292749658,0.7335960512,0.1551724138,0.84632116,0.2357743097,0.4099378882,0,1,0,0,0
Chemical,0.001315143447,0.4295485636,0.8964543142,0,0.868877551,0.7096536175,0.3617476976,0,0,1,0,1
Wish You The Best,0.5577660552,0.6730506156,0.4581444211,0,0.9042427497,0.3468626475,0.4613407582,0,1,1,0,0
Cupid - Twin Ver.,0.4371567976,0.8194254446,0.5898384486,4.47E-06,0.7769065521,0.4175328668,0.7397729707,1,0,1,0,0
Circles,0.1929230508,0.6990424077,0.760739095,0.002629310345,0.9067400644,0.4176734108,0.5545084601,0,0,1,0,0
Anti-Hero,0.1306082677,0.6196990424,0.6411086425,1.94E-06,0.8241944146,0.2827862852,0.5330905976,0,1,0,0,0
SNAP,0.1074914933,0.5212038304,0.6340715571,1.07E-05,0.7805048335,0.7102860656,0.5245234526,0,1,0,0,0
Ho Hey,0.7979794934,0.6853625171,0.4631709107,2.22E-06,0.7569817401,0.1828126373,0.3403298351,0,1,0,0,0
Sweater Weather,0.04969955731,0.585499316,0.8059775014,0.01907327586,0.9251879699,0.4411618306,0.3885200257,0,1,1,0,0
Cold Heart - PNAU Remix,0.03412086153,0.8372093023,0.7969298202,4.52E-05,0.8311493018,0.3941908471,0.9710858856,0,0,1,0,1
Careless Whisper,0.1306082677,0.5335157319,0.6260291737,0,0.7639366273,0.6113723538,0.8222317413,0,0,1,0,0
Sunflower - Spider-Man: Into the Spider-Verse,0.5587711324,0.7879616963,0.4762397837,0,0.8509667025,0.2412262466,0.940029985,1,0,0,0,0
Forget Me,0.0003673556973,0.6429548564,0.87433776,0.009267241379,0.8705424275,0.30016104,0.5213107732,0,1,1,0,0
Eyes Closed,0.303481537,0.8112175103,0.5234887859,0,0.8335929108,0.3417152227,0.3788819876,0,1,0,0,0
Lavender Haze,0.2592581425,0.7510259918,0.4330119731,0.0006174568966,0.7189849624,0.2826515972,0.06682373099,0,0,1,0,0
Living In A Haze,0.2743342997,0.6894664843,0.7165059865,3.62E-06,0.8397959184,0.47517934,0.4195759263,0,1,0,0,1
Boy's a Liar Pt. 2,0.2532276796,0.7004103967,0.8079880973,0.0001379310345,0.7790010741,0.4933329429,0.88005997,1,0,1,0,0
Wait a Minute!,0.03723660069,0.7934336525,0.7034371136,2.09E-05,0.8588882922,0.306181009,0.6819447419,1,0,1,0,0
Kiss Me More (feat. SZA),0.2602632197,0.7934336525,0.7034371136,9.61E-05,0.9076530612,0.3645477703,0.7986720925,0,0,1,0,0
ily (i love you baby) (feat. Emilee),0.06889653083,0.6703146375,0.7728026701,0.002025862069,0.7974489796,0.3708722513,0.3156992932,0,0,1,1,0
Fly Me to the Moon,0.4552481862,0.6621067031,0.2560795392,0,0.61783029,0.4140075542,0.356393232,0,0,0,1,0
Calm Down (with Selena Gomez),0.3838877088,0.8440492476,0.8049722035,0.0007209051724,0.8608485499,0.3412935906,0.8211608481,0,0,1,1,0
Until I Found You (with Em Beihold) - Em Beihold Version,0.7808931819,0.5020519836,0.547615936,0,0.8572771214,0.3072760812,0.3285500107,0,0,1,0,0
Here With Me,0.5467102066,0.5294117647,0.4551285273,9.99E-05,0.7513694952,0.4878458701,0.2825016063,0,0,1,1,0
Another Love,0.6984768558,0.3570451436,0.534547063,1.78E-05,0.7715359828,0.4336427254,0.1025915614,0,1,1,0,0
Glimpse of Us,0.8954719767,0.3502051984,0.3133815206,5.15E-06,0.7520408163,0.7097238896,0.2493039195,0,1,1,0,0
How to Save a Life,0.2703139911,0.6238030096,0.7416384346,0,0.891084855,0.4293444207,0.3488969801,0,1,0,0,0
Daylight,0.8341622707,0.4432284542,0.4269801856,0.0004752155172,0.7462137487,0.4765145082,0.3092739345,0,1,0,0,0
Until I Found You,0.7808931819,0.5020519836,0.547615936,0,0.8572771214,0.3072760812,0.3285500107,0,0,1,0,0
The Scientist,0.7346596331,0.5102599179,0.4390437606,1.57E-05,0.8066595059,0.5713055954,0.1904047976,0,0,1,0,0
Romantic Homicide,0.4552481862,0.5294117647,0.5415841485,0.008674568966,0.7156552095,0.4880039821,0.193617477,0,1,1,0,0
Toxic,0.02497465949,0.8071135431,0.837141737,0.02693965517,0.8955424275,0.5523497204,0.9518098094,0,1,0,0,0
Drops of Jupiter (Tell Me),0.153725042,0.4062927497,0.6360821529,0,0.8432330827,0.1777062044,0.4945384451,1,0,1,0,0
Pumped Up Kicks,0.1456844249,0.7510259918,0.7084636032,0.1239224138,0.8435821697,0.4641290663,0.9957164275,1,0,0,0,1
Nevermind,0.1597555049,0.5690834473,0.6863470489,1.39E-05,0.7767185822,0.300172752,0.04722638681,0,0,0,1,0
Die For You - Remix,0.2331261367,0.4746922025,0.522483488,0,0.8261009667,0.106473809,0.4998929107,0,0,1,0,0
See You Again (feat. Kali Uchis),0.3728318601,0.511627907,0.5566636173,8.07E-06,0.7530075188,0.174743068,0.6262582994,1,0,0,0,0
I Won't Give Up,0.6974717787,0.4090287278,0.2993073497,0,0.7305585392,0.4959330073,0.1111587064,0,0,1,0,0
You And Me,0.1145270333,0.3761969904,0.4239642918,0,0.7929645542,0.5339735894,0.3414007282,0,0,1,0,0
Let It Go,0.8221013449,0.4952120383,0.3073497331,1.78E-05,0.7214822771,0.5782566685,0.2257442707,0,0,1,1,0
Wake Me up When September Ends,0.02306501291,0.4952120383,0.8130145869,0,0.8624597207,0.3294703247,0.1186549582,0,1,0,0,1
Sunday Morning,0.09171178207,0.5800273598,0.7667708826,0,0.8602846402,0.2303809329,0.8286571,1,0,1,0,0
Haven't Met You Yet,0.1527199649,0.5896032832,0.7315854553,0,0.8715359828,0.4325359412,0.8147354894,1,0,0,0,0
This Love,0.05271478876,0.7222982216,0.861268887,0,0.8767991407,0.2713260914,0.8286571,1,0,0,0,0
Dreams - 2004 Remaster,0.06467520681,0.8809849521,0.4893086566,0.004612068966,0.738990333,0.4183117149,0.8072392375,1,0,0,0,0
Iris,0.001204584961,0.1792065663,0.7134900928,8.59E-06,0.7838882922,0.6278042924,0.4945384451,0,1,0,0,1
Say You Won't Let Go,0.6984768558,0.2380300958,0.5546530214,0,0.8019871106,0.212719234,0.4913257657,0,0,1,0,0
"Free Fallin' - Live at the Nokia Theatre, Los Angeles, CA - December 2007",0.774862719,0.1792065663,0.2922702643,0,0.6445220193,0.7307762129,0.4281430713,0,0,1,0,0
Better Together,0.8311470393,0.5034199726,0.220894112,0,0.6918098818,0.5228471877,0.6798029557,0,0,1,0,0
Take Me Home,0.7617967161,0.3803009576,0.3917947584,0,0.7488721805,0.1964161274,0.631612765,1,0,0,0,0
Fast Car,0.1868925879,0.7222982216,0.6008967257,0,0.8524167562,0.2885603022,0.6798029557,0,0,0,1,0
Photograph,0.6100300669,0.5882352941,0.3757099917,0.0005,0.719226638,0.3470910315,0.1775540801,0,1,1,0,0
Perfect,0.1637758135,0.5677154583,0.4450755481,0,0.8311493018,0.2713202354,0.142214607,0,0,1,0,0
Thinking out Loud,0.4763548063,0.8166894665,0.4420596544,0,0.8378893663,0.1773197084,0.5952023988,0,0,1,0,0
I'm Yours,0.5617863638,0.7099863201,0.4410543565,0,0.7500805585,0.5987292478,0.7247804669,0,0,1,0,0
Summertime,0.04789041845,0.5225718194,0.6451298342,0,0.8176423201,0.3703452113,0.1979010495,0,0,1,0,1
Just the Way You Are,0.0134162723,0.6169630643,0.8401576307,0,0.8562030075,0.3531344245,0.4163632469,0,0,1,0,0
Marry You,0.3336338514,0.5978112175,0.8190463744,0,0.8700053706,0.5632711621,0.4463482544,0,0,1,0,1
Rude,0.04236249414,0.805745554,0.7567179034,0,0.8665682062,0.5581647293,0.9528807025,0,0,1,0,0
Unwritten,0.005817889067,0.7140902873,0.798940416,0,0.8305853921,0.3003718561,0.6358963375,1,0,0,0,0
STAY (with Justin Bieber),0.03844269327,0.5567715458,0.7627496909,0,0.8533834586,0.7098058736,0.4741914757,0,0,1,0,1
Welcome To The Real World,0.2250855195,0.7099863201,0.7838609472,0,0.8688506982,0.5924281908,0.8222317413,0,1,0,0,1
Get Lucky (feat. Pharrell Williams and Nile Rodgers),0.03794015469,0.8563611491,0.7919033306,1.91E-06,0.7481203008,0.3942962551,0.8864853288,1,0,0,0,0
Hear Me Now,0.5487203609,0.8125854993,0.4601550169,0.003114224138,0.7964822771,0.4291336047,0.4934675519,0,0,1,1,0
Following The Sun,0.3999689431,0.7523939808,0.8270887578,0.02424568966,0.8816058002,0.4585541534,0.7301349325,1,0,0,0,0
Love Don't Cost A Thing,0.003013723826,0.8235294118,0.8411629286,3.81E-06,0.863292159,0.2861183498,0.6958663525,0,0,1,0,1
Catch & Release - Deepend Remix,0.5577660552,0.8946648427,0.5335417651,0.0004051724138,0.7685016112,0.3295171727,0.07689012637,0,0,0,1,0
As Long as You Love Me,0.1647808907,0.8084815321,0.8150251827,0,0.8520408163,0.2898779024,0.768687085,0,0,1,0,1
Ain't Nobody (Loves Me Better) (feat. Jasmine Thompson),0.6753600815,0.8125854993,0.5637007027,0.0002122844828,0.8137755102,0.4055456329,0.4752623688,0,0,1,0,1
Riptide,0.433136489,0.4103967168,0.7295748595,0,0.8208915145,0.3099932656,0.5084600557,0,0,1,0,1
Peaches (feat. Daniel Caesar & Giveon),0.3225780028,0.6744186047,0.6943894323,0,0.8346670247,0.2419231107,0.4591989719,0,0,1,0,0
Runaway,0.2200601338,0.2599179207,0.5657112985,0.002359913793,0.8979323308,0.2109038737,0.08117369886,0,0,0,1,0
I Feel It Coming,0.4301212575,0.805745554,0.8180410765,0,0.8409774436,0.2592393055,0.5887770401,1,0,1,0,0
Know Ya,0.1818672022,0.5417236662,0.6149708966,0,0.8078410311,0.1825666852,0.5245234526,1,0,1,0,0
Where Are You Now,0.5175629693,0.6662106703,0.6340715571,0.000442887931,0.7826799141,0.4230843557,0.2428785607,0,0,1,0,0
The One,0.0007643611705,0.6935704514,0.7939139264,1.10E-06,0.8926691729,0.4992416479,0.9004069394,1,0,0,1,0
Are You With Me,0.276344454,0.7920656635,0.6079338112,2.92E-05,0.7832975295,0.4234649958,0.382094667,0,0,0,1,0
Cool Kids,0.0373371084,0.731874145,0.6692569843,8.85E-06,0.8320354458,0.4761455802,0.8040265581,1,0,0,0,1
Budapest,0.08497776518,0.7291381669,0.4521126336,0,0.7776852846,0.4631745381,0.3788819876,0,0,1,0,0
Sleep On It,0.5447000523,0.2954856361,0.5194675942,0,0.8028464017,0.4175562908,0.871492825,1,0,0,0,1
Bubbly,0.6060097583,0.7017783858,0.4712132941,0,0.8217239527,0.4637132902,0.2289569501,1,0,0,0,0
A Sky Full of Stars,0.006149564525,0.4938440492,0.673278176,0.002122844828,0.8267991407,0.4465317834,0.1357892482,0,0,1,0,0
Yellow,0.002350372909,0.3351573187,0.6592040051,0.000130387931,0.8065789474,0.7299739408,0.2675091026,0,0,1,0,0
I Should've Known,0.3698166287,0.4062927497,0.5325364672,0,0.8993555317,0.7079202413,0.1711287214,0,1,0,0,0
Cruel Summer,0.1175422648,0.5034199726,0.7004212198,2.22E-05,0.8473952739,0.7101923696,0.5662882844,1,0,1,0,0
Beautiful People,0.1245778048,0.6238030096,0.6451298342,0,0.7827604726,0.2591924575,0.5470122082,1,0,0,0,0
Fendi Gucci Vuitton,0.004792710376,0.8454172367,0.9356609331,0.01637931034,0.8685821697,0.4526922964,0.7494110088,0,0,0,0,1
Be The One,0.1175422648,0.6525307798,0.6491510259,1.40E-05,0.8993823845,0.2268731883,0.356393232,0,0,0,0,1
Ecstasy,0.02386907463,0.2667578659,0.8974596122,0.02855603448,0.9418367347,0.5944133751,0.1004497751,0,0,0,0,1
Wahran (Squid Kids Remix),0.4190654089,0.1983584131,0.7687814784,1.43E-06,0.8942803437,0.4645272743,0.3189119726,0,0,0,0,1
Traffic,0.7165682445,0.8166894665,0.4812662733,0.004181034483,0.7966433942,0.4755307001,0.4891839794,0,0,0,0,1
Heute Nacht,0.01964775061,0.5813953488,0.911533783,0.5150862069,0.823603652,0.5054255849,0.004176483187,0,0,0,0,1
You,0.2662936825,0.7496580027,0.8381470349,0,0.8661922664,0.4158112025,0.6358963375,1,0,0,0,1
Vibration (One More Time) (feat. AR/CO),0.3296135428,0.46374829,0.9597880832,0.03459051724,0.9827604726,0.7336925014,0.09295352324,0,0,0,0,1
Misbehave,0.3225780028,0.7523939808,0.8572476954,0.01174568966,0.8551020408,0.4410622786,0.5502248876,0,0,0,0,1
Love Me Again (feat. AI Vocals),0.005586721323,0.6566347469,0.836136439,0.006433189655,0.7831095596,0.4171697947,0.002248875562,0,0,1,0,1
Trujillana,0.0454782333,0.7291381669,0.8029616077,0.3771551724,0.7985499463,0.4517553363,0.6069822232,0,0,0,0,1
All For One,0.119552419,0.6470588235,0.9849205312,0,0.9141783029,0.5933300149,0.7933176269,0,0,0,0,1
Revolution,0.8552688908,0.1053351573,0.2922702643,0.03286637931,0.6187969925,0.5128451381,0.2921396445,0,0,0,0,1
Tell Me Why - MEDUZA Remix,0.08738995033,0.5157318741,0.9276185498,0.963362069,0.844575725,0.4524931924,0.1572071107,0,0,0,0,1
Vivaldi,0.9618070684,0.3351573187,0.2540689433,0.9622844828,0.5450322234,0.1762129242,0.06639537374,0,0,0,0,1
Huna (feat. Ravid Kahalani),0.0003351932286,0.487004104,0.8964543142,0.01120689655,0.830773362,0.5345240535,0.1968301564,0,0,0,0,1
Zhudio54 - BIJOU Remix,0.04980006503,0.8809849521,0.8049722035,0.4461206897,0.920972073,0.4407811905,0.3178410795,0,0,0,0,1
Get Down,0.1567402735,0.9480164159,0.5576689152,0.0001497844828,0.7716165414,0.3639036102,1,0,0,0,0,1
Tonight,0.07673613257,0.6867305062,0.7818503514,0,0.8669978518,0.300178608,0.8340115656,1,0,0,0,1
The Age Of Love (Charlotte de Witte & Enrico Sangiuliano Remix),0.05904677478,0.7715458276,0.9075125914,0.963362069,0.7772556391,0.4760108922,0.023988006,0,0,0,0,1
Xanadu,0.6743550043,0.7045143639,0.62301328,0.2273706897,0.7529538131,0.4642754663,0.03737417006,0,0,0,0,1
Babek,0.05402138905,0.5471956224,0.7416384346,3.05E-06,0.81066058,0.6976019676,0.7611908332,0,0,0,0,1
Big Jet Plane,0.2401616767,0.7906976744,0.383752375,0.008146551724,0.7685553169,0.3586273534,0.2557292782,0,0,0,0,1
Ego Death,0.05753915906,0.8673050616,0.5958702361,1.42E-06,0.8409237379,0.3650279624,0.3167701863,0,0,0,0,1
BRAZIL,0.09452599808,0.6880984952,0.6149708966,1.37E-05,0.86066058,0.4237460838,0.67444849,0,0,0,0,1
Papi,0.112516879,0.707250342,0.7396278387,0,0.835311493,0.5355839897,0.5919897194,0,0,0,0,1
Doin' 2 Me,0.01170764115,0.8194254446,0.9638092749,0.1073275862,0.900349087,0.4526864404,0.5405868494,0,0,0,0,1
Problems,0.008008957248,0.60875513,0.849205312,0.03060344828,0.9025510204,0.3239246918,0.5255943457,0,0,0,0,1
Right By You,0.6884260844,0.7373461012,0.472218592,0.000125,0.7429108485,0.3005533921,0.2236024845,0,0,0,0,1
No Cap,0.249207371,0.4445964432,0.7898927347,0,0.9210526316,0.3150235704,0.7504819019,0,0,0,0,1
Feels Like,0.0277888755,0.1627906977,0.899470208,0.6842672414,0.9374865736,0.5902263344,0.4881130863,0,0,0,0,1
To Be Real,0.001254838818,0.6853625171,0.949735104,0.6443965517,0.8785445757,0.4759289081,0.6937245663,1,0,0,0,1
SIN,0.00160661582,0.6538987688,0.7396278387,0.03265086207,0.8554779807,0.4818434691,0.3949453845,0,0,0,0,1
Get Down,0.1567402735,0.9480164159,0.5576689152,0.0001497844828,0.7716165414,0.3639036102,1,0,0,0,0,1
Ininna Tora,0.05834322078,0.7482900137,0.8924331226,0.7273706897,0.897905478,0.5228237637,0.5213107732,0,0,0,0,1
Cruel,0.1175422648,0.5034199726,0.7004212198,2.22E-05,0.8473952739,0.7101923696,0.5662882844,0,0,0,0,1
Blow Ya Mind,0.003114231541,0.634746922,0.9909523187,0.01390086207,0.8866004296,0.4759991802,0.08117369886,0,0,0,0,1
Element,0.03020106066,0.804377565,0.8773536538,2.35E-06,0.8873254565,0.0737446198,0.2889269651,0,0,0,0,1
Maria Maria,0.0407543707,0.8112175103,0.5988861299,0.002165948276,0.8413802363,0.2880742541,0.6905118869,1,0,0,0,1
Move Your Body - RAIZHELL Remix,0.004290171803,0.7989056088,0.9346556352,0.01120689655,0.9154940924,0.4467718795,0.3424716213,0,0,0,0,1
Stay With Me,0.5909336011,0.3201094391,0.4169272064,6.89E-05,0.8276047261,0.2071618891,0.159348897,0,0,0,0,1
Solar System,0.03562847725,0.4924760602,0.9416927206,0.46875,0.9321160043,0.7334758294,0.2867851788,0,0,0,0,1
Passion,0.2572479882,0.8549931601,0.4601550169,0.09159482759,0.6951396348,0.3704623313,0.3521096595,0,0,0,0,1
Darkside,0.3115221542,0.4774281806,0.7124847949,1.70E-06,0.8268528464,0.681164173,0.4484900407,0,0,0,0,1
Asgard Rave,0.002491083709,0.4186046512,0.8954490163,2.88E-06,0.870273899,0.6519778643,0.3510387663,0,0,0,0,1
Like This,0.7527510218,0.7113543092,0.3234344998,0,0.5620837809,0.2773636284,0.4881130863,0,0,0,0,1
Body & Mind,0.03100512238,0.7154582763,0.6762940697,0,0.8461063373,0.4466489035,0.4356393232,0,0,0,0,1
Load Up,0.1356336534,0.60875513,0.785871543,0,0.827980666,0.2536995286,0.5941315057,0,0,0,0,1
Devil,0.0175370886,0.3433652531,0.7587284992,0,0.8681256713,0.1836676134,0.1829085457,0,0,0,0,1
Your Mind,0.4552481862,0.6402188782,0.9758728499,0.9568965517,0.8661385607,0.4643457383,0.5555793532,0,0,0,0,1
Offender,0.003476059314,0.3803009576,1,0.8663793103,1,0.7336749334,0.2557292782,0,0,0,0,1
Skeletons (feat. Robbie Rosen),0.008883374366,0.4952120383,0.8512159078,0.3297413793,0.9084854995,0.3079319533,0.4302848576,0,0,0,0,1
One Day Soon,0.66530931,0.2599179207,0.3525881395,1.11E-06,0.6769065521,0.2067461131,0.3210537588,0,0,0,0,1
Apocalypto,0.00229006828,0.3775649795,0.9969841062,0,0.8984962406,0.581377917,0.116513172,0,0,0,0,1
Matrix,0.04799092616,1,0.6431192384,0,0.8108754028,0.5515415922,0.5973441851,0,0,0,0,1
Back To Me,0.008330581935,0.4295485636,0.7335960512,5.94E-06,0.8744092374,0.568816795,0.3928035982,0,0,0,0,1
Keep On Dreaming,0.08759096576,0.6279069767,0.4923245504,8.59E-05,0.7682062299,0.2298656048,0.1775540801,0,0,0,0,1
Like It,0.7959693391,0.3214774282,0.3596252249,0,0.8437969925,0.6287471086,0.7633326194,0,0,0,0,1
Can You Feel It,0.2170449023,0.8399452804,0.5968755341,0.2607758621,0.8630504834,0.2827862852,0.7933176269,0,0,0,0,1
Left & Right,0.153725042,0.7975376197,0.7195218803,1.64E-06,0.8506444683,0.593488127,0.9089740844,0,0,0,0,1
Get Closer,0.4361517204,0.6415868673,0.434017271,7.26E-05,0.6611976369,0.2796299007,0.6369672307,0,0,0,0,1
Way Back,0.2230753652,0.2900136799,0.5516371277,0,0.8650912997,0.4021081603,0.1443563932,0,0,0,0,1
Flow,0.06346911423,0.7154582763,0.6793099635,5.55E-06,0.8845059076,0.4057096009,0.6541015207,0,0,0,0,1
Sound Of The Underground,0.003606719343,0.5348837209,0.9014808038,1.77E-05,0.8833243824,0.674693292,0.91432855,0,0,0,0,1
Bones,0.02065282776,0.805745554,0.7406331366,0,0.9018796992,0.3827072292,0.5737845363,0,0,0,0,1
Want You Like That,0.001827732792,0.389876881,0.6169814925,0,0.8738990333,0.6398032384,0.5395159563,0,0,1,0,1
Oh Yeah,0.008461241964,0.7222982216,0.6933841344,2.11E-05,0.8146616541,0.3638450502,0.7569072607,0,0,0,0,1
Sand Dunes,0.03231172267,0.7264021888,0.9477245082,1,0.8891514501,0.4525576084,0.6134075819,0,0,0,0,1
Take Me Away,0.0325127381,0.3064295486,0.7979351181,0,0.8398764769,0.7219336515,0.3938744913,0,0,0,0,1
The Formula - FOVOS Remix,0.01050154857,0.6114911081,0.8954490163,0.9547413793,0.8661654135,0.5051796328,0.03480402656,0,0,0,0,1
Blow It Up,0.1858875108,0.7756497948,0.8783589517,0.1368534483,0.8581632653,0.4818844611,0.8222317413,0,0,0,0,1
Faux Parti,0.001626717363,0.7729138167,0.9728569562,0.8653017241,0.9941460795,0.4466723275,0.4077961019,0,0,0,0,1
Let Me Tell You Something,0.1858875108,0.4801641587,0.7496808179,0,0.8487379162,0.7352970456,0.6530306275,1,0,0,0,1
Karma,0.07372090113,0.6265389877,0.6179867904,0,0.8102309345,0.2418645507,0.0660741058,0,0,0,0,1
Baila Conmigo,0.006561646156,0.6402188782,0.8542318016,0.4407327586,0.82849087,0.4640646503,0.05161704862,0,0,0,0,1
Sensación Fenomenal,0.01914521204,0.8248974008,0.7516914138,0.0005193965517,0.7525510204,0.4465083594,0.6069822232,0,0,0,0,1
LOOK at me(x2) NOW,0.03271375353,0.8919288646,0.723543072,0.1551724138,0.8175349087,0.4642110503,0.8018847719,0,0,0,0,1
Take Me For A Ride,0.5557559009,0.487004104,0.8723271642,2.02E-06,0.8226906552,0.5339794454,0.5662882844,0,0,0,0,1
In The Dark,0.01934622747,0.7332421341,0.4541232294,0.0001357758621,0.7135875403,0.4170760987,0.002677232812,0,0,0,0,1
SICK,0.005104284292,0.8891928865,0.7285695616,0,0.9009129968,0.6224343396,0.4399228957,0,0,0,0,1
Butterflies & Bandaids (Luca Testa Remix),0.009275354453,0.4528043776,0.9658198707,0,0.9073308271,0.6518080403,0.2942814307,0,0,0,0,1
DON'T SAY,0.008280328077,0.7031463748,0.7175112845,4.32E-06,0.8684479055,0.4177905308,0.3521096595,0,0,0,0,1
Cold Hard Truth (feat. Clovet Mae),0.02899496808,0.8084815321,0.8381470349,2.14E-06,0.8906015038,0.4527508564,0.3970871707,0,0,1,0,1
ZERO GRAVITY,0.9517562969,0.009575923393,0.05793531913,0.9450431034,0.3444414608,1,0.02088241593,0,0,0,0,1
Ancestors,0.8341622707,0.683994528,0.4661868045,0.182112069,0.7446294307,0.2404298305,0.5041764832,0,0,0,0,1
Shake,0.05633306649,0.633378933,0.7838609472,0,0.8552631579,0.6517553363,0.9721567788,0,0,0,0,1
Everybody,0.3487100086,0.6306429549,0.7939139264,0.004191810345,0.6758592911,0.3709718034,0.5352323838,1,0,0,0,1
Higher,0,0.3761969904,0.8290993536,0.000150862069,0.8327067669,0.6272304044,0.4238594988,0,0,0,0,1
Crash And Burn,0.08769147348,0.6922024624,0.7798397555,2.46E-06,0.8636680988,0.4761045882,0.86292568,0,0,0,0,1
Wake Me Up - Hardstyle Remix,0.002028748222,0.4569083447,0.9356609331,1.03E-05,0.8647690655,0.5927854068,0.07367744699,0,0,0,0,1
Once Again - Roy Orion Remix,0.02698481379,0.1641586867,0.9819046374,0.7532327586,0.8752685285,0.8230023717,0.06478903405,0,0,0,0,1
Bad Memories (feat. Elley Duhé & FAST BOY),0.1185473419,0.5786593707,0.7657655846,0,0.8376745435,0.4408397505,0.6712358107,1,0,0,0,1
Heroes,0.0006296808327,0.4172366621,0.7567179034,0.5280172414,0.8263426423,0.3712411794,0.4281430713,1,0,0,0,1
Stolen Dance,0.4140400232,0.950752394,0.5626954048,0.0002575431034,0.7640977444,0.3823441572,0.6958663525,0,0,0,0,1
Reload - Hardstyle Remix,0.01974825833,0.2421340629,0.8522212058,1.31E-05,0.9204081633,0.5925160308,0.1914756907,0,0,0,0,1
Ready To Fly - Sub Focus & Dimension,0.04869448017,0.4117647059,0.9688357645,0.7155172414,0.9867615467,0.7333060053,0.4420646819,0,0,1,0,1
No Fear,0.03562847725,0.7359781122,0.7466649242,0,0.8044307197,0.2534887126,0.4838295138,0,0,0,0,1
Lipstick (feat. Robbie Rise),0.06517774538,0.8577291382,0.9195761664,0.3049568966,0.8309881847,0.4468362955,0.304990362,0,0,0,0,1
Slow Down,0.01834115032,0.4008207934,0.786876841,1.92E-06,0.8808807734,0.4757942201,0.2353823088,0,0,1,0,1
LSD,0.1949332051,0.5663474692,0.2480371558,0.1433189655,0.5955424275,0.4178022428,0,0,0,0,0,1
New Gold (feat. Tame Impala and Bootie Brown) - Dom Dolla Remix,0.01200916429,0.7277701778,0.8964543142,0.2823275862,0.8077067669,0.4585951454,0.3456843007,0,0,0,0,1
World Hold On - FISHER Rework,0.006621950784,0.8166894665,0.8884119309,0.006153017241,0.8583780881,0.4584780254,0.8822017563,1,0,0,0,1
The Drill,0.03412086153,0.7592339261,0.9698410624,0.4073275862,0.8817400644,0.4642871783,0.0179910045,0,0,0,0,1
Take It Back,0.132618422,0.389876881,0.597880832,0.006530172414,0.7011009667,0.3730741077,0.1068751339,0,0,0,0,1
Illusion,0.08176151831,0.7742818057,0.7165059865,1.89E-05,0.925,0.2419055427,0.5962732919,0,0,0,0,1
KARMA (With Jazz Cartier),0.02185892034,0.1641586867,0.9426980186,0.8566810345,0.9180719656,0.593599391,0.1604197901,0,0,0,0,1
Thrill,0.2783546083,0.8659370725,0.773807968,0,0.8726369495,0.4583257693,0.8254444206,0,0,0,0,1
No Sleep,0.1225676505,0.7222982216,0.6893629427,0,0.7816058002,0.2828682693,0.7569072607,0,0,0,0,1
One Life,0.2170449023,0.3816689466,0.8260834598,0,0.8816863588,0.7320059731,0.3895909188,0,0,0,0,1
Slow It Down,0.9336649083,0.3337893297,0.05904114684,0,0.6134264232,0.5488126958,0.07796101949,0,0,0,0,1
Jolene (feat. Angie Robba) [Adam Trigger & Flo Dosh Remix],0.1215625733,0.7154582763,0.8602635891,0.01142241379,0.8413802363,0.4526278804,0.7055043907,1,0,0,0,1
Halo,0.2733292226,0.4432284542,0.7185165824,0,0.8419978518,0.1830878693,0.4677661169,0,0,1,0,1
Your Song,0.8321521164,0.5061559508,0.3113709248,5.96E-06,0.7045112782,0.4651948584,0.3103448276,0,0,1,1,0
Make You Feel My Love,0.911553211,0.1819425445,0.1676133222,0.0004127155172,0.715037594,0.09640148742,0.06543156993,0,0,1,0,0
If I Ain't Got You,0.6060097583,0.5813953488,0.4410543565,7.39E-06,0.7555048335,0.4080695693,0.1400728207,0,0,0,1,0
I Will Always Love You,0.8492384279,0.2024623803,0.2098358348,6.06E-06,0.6645005371,0.1101689456,0.08010280574,0,0,1,1,0
Unchained Melody,0.3979587888,0.2120383037,0.2038040473,0.0005592672414,0.5515306122,0.2917576787,0.270721782,0,0,1,1,0
It's All Coming Back to Me Now - Radio Version,0.7195834759,0.2859097127,0.5003669337,0,0.7806928034,0.2290984687,0.2675091026,0,1,0,0,0
All of Me,0.9266293683,0.3255813953,0.2601007309,0,0.8109559613,0.4170175387,0.3167701863,0,1,1,0,0
A Thousand Years,0.310517077,0.3242134063,0.4038583334,0.001035560345,0.8007250269,0.5288554446,0.1347183551,0,1,1,0,0
Stand by Me,0.05944880564,0.7824897401,0.5797854694,0,0.793179377,0.499821392,0.6101949025,0,0,1,1,0
At Last,0.5497254381,0.123119015,0.3445457561,0.01433189655,0.768877551,0.2266975083,0.313557507,0,0,1,1,0
Tennessee Whiskey,0.2059890537,0.2845417237,0.3666623104,0.01034482759,0.7082706767,0,0.5106018419,0,0,1,0,0
I Try,0.3145373856,0.5595075239,0.6401033446,0.0006271551724,0.8050483351,0.1621233859,0.7504819019,0,1,0,0,0
Let's Stay Together,0.5849031382,0.7824897401,0.3978265459,0.01185344828,0.7132653061,0.3117500659,0.5127436282,0,0,1,1,0
Out Of Reach,0.002792606854,0.6607387141,0.698410624,4.01E-05,0.8024973147,0.5820864931,0.5545084601,0,0,1,0,0
My Girl,0.638172227,0.5307797538,0.4149166105,0,0.7122986037,0.3270459403,0.7055043907,0,0,1,1,0
Lover,0.494446195,0.2393980848,0.5405788505,1.70E-05,0.7970461869,0.1160425146,0.4474191476,0,0,1,0,0
This Year's Love,0.7346596331,0.1983584131,0.1625868326,3.32E-05,0.6882116004,0.681099757,0.1796958664,0,0,1,0,0
L-O-V-E,0.6894311615,0.3296853625,0.3696782041,0,0.7980934479,0.1728281557,0.6723067038,1,0,1,0,0
Can't Help Falling in Love,0.9457258341,0.2900136799,0.2892543705,0.0002112068966,0.6230397422,0.3021052323,0.3296209038,0,0,1,1,0
Baby Can I Hold You,0.08145999517,0.6949384405,0.4189378022,0,0.7178034372,0.150247416,0.4634825444,0,1,1,0,0
Kiss from a Rose,0.6874210072,0.5471956224,0.5305258713,0,0.8097207304,0.4862061898,0.202184622,0,0,1,0,0
How Long Will I Love You,0.296445997,0.2968536252,0.3003126477,0.0006950431034,0.7538668099,0.07336397974,0.1475690726,0,0,1,0,0
Bleeding Love,0.1889027422,0.6210670315,0.6541775155,0,0.8425886144,0.3239422598,0.2032555151,0,0,1,0,0
Chasing Cars,0.1999585908,0.5143638851,0.5928543424,6.97E-05,0.8790010741,0.3237958598,0.116513172,0,0,1,0,0
"I Don't Want to Miss a Thing - From ""Armageddon"" Soundtrack",0.1728215078,0.2818057456,0.6471404301,0,0.8620032223,0.4242262759,0.116513172,0,0,1,0,0
Kiss Me,0.02306501291,0.4678522572,0.7476702221,1.90E-06,0.813641246,0.300202032,0.4131505676,0,0,1,0,1
Nothing Compares 2 U,0.04266401728,0.4487004104,0.5717430861,2.49E-05,0.812244898,0.4169414107,0.1347183551,0,1,1,0,0
When You Say Nothing At All,0.7557662532,0.4514363885,0.2389894745,0.0005818965517,0.6690655209,0.7208620033,0.3778110945,0,0,1,0,0
Time After Time,0.4894208092,0.7414500684,0.4460808461,1.44E-06,0.7534371643,0.4782595965,0.2771471407,0,0,1,0,0
Stay,0.9497461426,0.5978112175,0.3063444352,6.59E-05,0.7277121375,0.3699528592,0.09616620261,0,1,1,0,0
Wherever You Will Go,0.03683456983,0.511627907,0.7175112845,0,0.8633458647,0.3707375633,0.3596059113,0,0,1,0,0
Wonderful Tonight,0.6522433071,0.5307797538,0.2098358348,0.1390086207,0.5810687433,0.2742013879,0.4816877276,0,0,1,0,0
By Your Side,0.03462340011,0.6361149111,0.5053934233,3.87E-05,0.7258861439,0.6398090944,0.3960162776,0,0,1,0,0
Hero,0.0461817873,0.5554035568,0.6793099635,8.14E-05,0.8049140709,0.4526805844,0.04005140287,0,1,1,0,0
Turn Me On,0.8683348937,0.3351573187,0.1756557056,4.74E-06,0.7134801289,0.7140046262,0.4816877276,0,0,1,0,0
Beyond,0.2301109052,0.5430916553,0.685341751,0,0.8556390977,0.1598454016,0.1625615764,0,0,1,0,0
Put Your Records On,0.1677961221,0.7592339261,0.5084093171,1.44E-06,0.7900107411,0.2771059643,0.5427286357,1,0,1,0,0
My Love Is Your Love,0.05633306649,0.8016415869,0.472218592,5.09E-06,0.7452201933,0.1978918397,0.4688370101,0,0,1,0,0
You Are So Beautiful,0.8502435051,0.1545827633,0.1776663014,0.002877155172,0.7067669173,0.2030451205,0.06082672949,0,0,1,0,0
No One,0.0209543509,0.6292749658,0.5466106381,9.54E-06,0.855236305,0.2419816707,0.1411437139,0,0,1,0,1
Every Breath You Take,0.5457051295,0.8700410397,0.4490967398,0.003168103448,0.737593985,0.4022077124,0.7547654744,0,0,1,0,0
Total Eclipse of the Heart,0.1456844249,0.3378932969,0.7215324761,0,0.8425617615,0.4768131643,0.1657742557,0,1,1,0,0
When a Man Loves a Woman - 2000 Remaster,0.09854630667,0.4678522572,0.4330119731,8.29E-06,0.838990333,0.2821714051,0.2685799957,0,0,1,0,0
I'll Stand by You,0.3014713827,0.3474692202,0.6039126195,4.84E-06,0.8247851772,0.4983691037,0.2471621332,0,0,1,0,0
(Everything I Do) I Do It For You,0.07784171744,0.4678522572,0.3616358208,1.45E-05,0.6621643394,0.4833250373,0.2332405226,0,0,1,0,0
Angels - 2004 Mix,0.1426691934,0.2859097127,0.5988861299,2.03E-05,0.8375134264,0.5933358709,0.2899978582,0,0,1,0,0
Eternal Flame,0.638172227,0.4610123119,0.2289364953,0,0.633216971,0.1769215003,0.390661812,0,1,1,0,0
Can You Feel The Love Tonight,0.8170759592,0.1545827633,0.3606305229,0.0008200431034,0.7519602578,0.4326413492,0.1218676376,0,0,1,0,0
"My Heart Will Go On - Love Theme from ""Titanic""",0.7356647103,0.3337893297,0.2721643059,5.74E-06,0.6856874329,0.2955933593,0.003212679375,0,0,1,0,0
Truly Madly Deeply,0.4049943289,0.5075239398,0.6964000281,0,0.7623523093,0.6992182239,0.8361533519,0,0,1,0,0
She's Always a Woman,0.8009947249,0.1477428181,0.3204186061,0.0005096982759,0.6785177229,0.7490586478,0.373527522,0,0,1,0,0
Warwick Avenue,0.3406693914,0.4227086183,0.5878278528,0,0.8445220193,0.7096887536,0.4998929107,0,1,1,0,0
I Have Nothing,0.5788726753,0.488372093,0.3978265459,0,0.7187164339,0.6103416977,0.219318912,0,0,1,0,0
We Belong Together,0.03402035382,0.8932968536,0.459149719,0,0.7887755102,0.5344654935,0.7783251232,0,0,1,0,1
Take My Breath Away,0.06155946765,0.4281805746,0.7175112845,0,0.7483082707,0.2755307001,0.5480831013,0,0,1,0,0
"Valerie - Live At BBC Radio 1 Live Lounge, London / 2007",0.7477256361,0.804377565,0.3676676083,0,0.8464285714,0.2802447808,0.6947954594,1,0,1,0,0
Save Tonight,4.11E-05,0.4965800274,0.6913735385,5.88E-05,0.7647153598,0.4148918104,0.5866352538,1,0,1,0,0
You Make It Real,0.2100093623,0.3447332421,0.5546530214,0,0.8584586466,0.2072204492,0.3114157207,0,0,1,0,0
Take Me Home,0.7617967161,0.3803009576,0.3917947584,0,0.7488721805,0.1964161274,0.631612765,0,0,1,0,0
I Swear,0.8472282736,0.5554035568,0.5697324902,0.2467672414,0.8748657358,0.2401136064,0.9518098094,0,0,1,0,0
Careless Whisper,0.1306082677,0.5335157319,0.6260291737,0,0.7639366273,0.6113723538,0.8222317413,0,0,1,0,0
You're Still The One,0.364791243,0.5485636115,0.4913192525,0,0.7656552095,0.4983691037,0.6412508032,1,0,1,0,0
With Or Without You,0.0001512641107,0.487004104,0.4259748877,0.3825431034,0.6831901182,0.3598688256,0.08331548511,0,1,1,0,0
Purple Rain,0.03542746182,0.2503419973,0.4490967398,0.002456896552,0.7207841031,0.3768219483,0.1647033626,0,0,1,0,0
Last Request,0.242171831,0.5759233926,0.7024318157,0,0.8243823845,0.1886042222,0.390661812,0,0,1,0,0
I Want to Know What Love Is - 1999 Remaster,0.1939281279,0.4008207934,0.4681974003,1.90E-06,0.7311493018,0.1902380464,0.4152923538,0,0,1,0,0
Be My Baby,0.1818672022,0.4473324213,0.7677761805,0,0.8118152524,0.4739788598,0.8382951381,1,0,1,0,0
Killing Me Softly With His Song,0.02798989093,0.7948016416,0.2862384768,0,0.5410042965,0.2558545369,0.5041764832,0,1,1,0,0
(Sittin' On) the Dock of the Bay,0.6874210072,0.8002735978,0.3636464166,1.75E-05,0.6991944146,0.3215120194,0.5352323838,1,0,0,0,0
Ordinary People,0.9326598311,0.389876881,0.1274014054,0,0.6246777658,0.1069949931,0.347826087,0,1,1,0,0
Sexual Healing,0.119552419,0.8495212038,0.5998914278,0.0001314655172,0.7401718582,0.2674084268,0.7590490469,0,0,1,0,1
Ain't No Sunshine,0.4592684948,0.4692202462,0.4119007168,1.85E-05,0.6931525242,0.1724650836,0.5138145213,0,1,1,0,0
I Say a Little Prayer,0.4803751149,0.5581395349,0.3515828416,0,0.6233351235,0.493742863,0.4966802313,0,0,1,0,0
A Thousand Miles,0.3245881571,0.5143638851,0.824072864,0,0.8969387755,0.2706233713,0.2493039195,0,0,1,0,0
Heaven,0.07110770055,0.5294117647,0.7597337971,0,0.9070622986,0.2534067285,0.69158278,0,0,1,0,0
Mandy,0.4200704861,0.169630643,0.4611603149,2.68E-06,0.7581095596,0.3221737475,0.3028485757,0,0,1,0,0
"Endless Love - From ""The Endless Love"" Soundtrack",0.7487307132,0.3789329685,0.271159008,0.0002359913793,0.6695220193,0.2600532896,0.09509530949,0,0,1,0,0
Without You,0.2140296709,0.6538987688,0.4098901209,0,0.8030880773,0.2593447135,0.4624116513,0,1,1,0,0
Lay Me Down - Single Version,0.9205989054,0.3761969904,0.1746504076,0,0.7071160043,0.4634966182,0.2546583851,0,1,1,0,0
Just Be,0.6261113012,0.4322845417,0.6561881113,0,0.8288131042,0.1602787456,0.2514457057,0,1,1,0,0
Nothing's Gonna Change My Love for You,0.767827179,0.5047879617,0.6119550029,0,0.8637486574,0.5148010424,0.3317626901,0,0,1,0,0
I'll Make Love To You,0.09995341467,0.5239398085,0.4983563379,0,0.7848012889,0.549708664,0.176483187,0,0,1,0,0
Saving All My Love for You,0.5959589868,0.6183310534,0.2601007309,4.55E-05,0.6094790548,0.2962316634,0.245020347,0,0,1,0,0
True - Single Edit,0.4612786491,0.7633378933,0.5305258713,0.1594827586,0.7563372718,0.2850525576,0.3810237738,0,0,1,0,0
How Do I Live,0.1285981134,0.537619699,0.459149719,0,0.7861170784,0.4660498346,0.2385949882,0,1,1,0,0
Back for Good - Radio Mix,0.3115221542,0.5704514364,0.5013722317,0,0.7385338346,0.1772494364,0.5662882844,0,0,1,0,0
Shallow,0.3728318601,0.5307797538,0.3817417792,0,0.8298066595,0.2757063801,0.3082030413,0,1,1,0,0
Babylon,0.06005185193,0.756497948,0.5405788505,0.01070043103,0.7212943072,0.3706790033,0.2353823088,0,0,1,0,0
"You're The First, The Last, My Everything - Single Version",0.001998595907,0.6114911081,0.7114794969,0.0003706896552,0.8093447905,0.481544813,0.9164703363,1,0,1,0,0
winter balloon,0.9356751208,0.6968911917,0.2737259689,9.30E-01,0.677596617,0.6669855633,0.5087092452,0,0,0,1,0
Samba de orla,0.244182669,0.9041450777,0.4985250737,0.9969167523,0.7926324597,0.2881430251,0.9520691947,1,0,0,1,0
Vision,0.9467309594,0.1619170984,0.3174651612,0.6947584789,0.6334094661,0.2350334509,0.2178564037,0,0,0,1,0
Coffee Wave,0.7396852543,0.981865285,0.4680093582,0.8920863309,0.7689559259,0.5335605472,0.9498905217,1,0,0,1,0
Smokey,0.002461833737,0.5414507772,0.997965619,0.09527235355,0.928359829,0.6661750344,0.04149282672,0,0,0,1,0
Enjoying the day,0.9688426366,0.5077720207,0.3927372597,0.9167523124,0.7791320866,1,0.4673144588,1,0,0,1,0
spice age,0.8753705465,0.8056994819,0.2869494456,0.9630010277,0.8022432781,0.2347012669,0.7287552152,0,0,0,1,0
rising eyes,0.581888285,0.7992227979,0.2767775404,0.8221993834,0.6625132855,0.4338987105,0.3257007157,0,0,0,1,0
"Piñas, hamaca y slide",0.6673197652,0.8484455959,0.3388261621,0.8139773895,0.8000497501,0.4929809526,0.6067495289,1,0,0,1,0
balcony chaser,0.8683350128,0.9235751295,0.2625368732,0.9393627955,0.6961398431,0.3211953308,0.5141559276,1,0,0,1,0
Huamana,0.9336649683,0.6269430052,0.2462618248,0.8108941418,0.7455959838,0.6933011779,0.5283173019,0,0,0,1,0
Tropic of Capri-Sun & Sodas,0.6160608771,0.7590673575,0.4029091649,0.9023638232,0.6484475702,0.2546323056,0.9466225122,1,0,0,1,0
Holiday,9.29E-05,0.5505181347,0.9033669006,0,0.9678207187,0.7098505836,0.77995403,1,0,0,1,0
Stray,0.1647816462,0.475388601,0.8006306581,0,0.9411817915,0.7857546223,0.6209109032,0,0,0,1,0
Los días grises (Remix),0.5366598543,0.567357513,0.6053300783,0.8951695786,0.8614911467,0.2847547486,0.2799485833,0,0,0,1,0
That Gurl,0.5135431008,0.7059585492,0.4191842132,0.8335046249,0.856289998,0.2756064018,0.9771239338,1,0,0,1,0
Solar,0.2039796195,0.7046632124,0.7863899908,0,0.9551570521,0.7209455285,0.3605594832,0,0,0,1,0
Pacific Ocean,0.2341319066,0.01424870466,0.6795849863,1,0.3322403383,0.4184122935,0,0,0,0,1,0
A Night In Rio,0.430121773,0.7668393782,0.5626080765,0.8828365879,0.8948237263,0.3341770806,0.4705824682,1,0,0,1,0
Poolside,0.4059999433,0.7344559585,0.2849150646,0.7954779034,0.7744736664,0.2414113833,0.5196026101,0,0,0,1,0
soft crease,0.8693400891,0.5751295337,0.1364052487,0.8129496403,0.5211098799,0.6390422472,0.4389917101,0,0,0,1,0
actias,0.0001411127038,0.5323834197,1,0.01408016444,0.977725515,0.533666846,0.2134990577,0,0,0,1,0
Palmeiras,0.9095431386,0.7797927461,0.1842132031,0.9321685509,0.8093665905,0.286030335,0.5675334154,0,0,0,1,0
Vega,0.07804356684,0.8730569948,0.6093988404,3.32E-05,0.8736346984,0.7991682113,0.8060981056,1,0,0,1,0
chill oil,0.05834407257,0.7784974093,0.5178516936,0.9075025694,0.850885326,0.3210956756,0.4912798614,1,0,0,1,0
Encore,0.9919593901,0.02331606218,0,0.8324768756,0,0.6609929643,0.1949803375,0,0,0,1,0
summer cloud,0.2632791175,0.871761658,0.3927372597,0.2682425488,0.81524615,0.3472385546,0.5326746479,1,0,0,1,0
Marbles,0.9939695426,0.6593264249,0.05808157868,0.977389517,0.5255195495,0.4008862669,0.2614298631,0,0,0,1,0
Steadyme,0.6160608771,0.957253886,0.4944563117,0.9188078109,0.7978562222,0.5462699061,0.3267900522,0,0,0,1,0
Engraçado,0.7638070841,0.8497409326,0.5331095514,0.9558067831,0.8094118179,0.2681721244,0.6786457369,1,0,0,1,0
synthetic,0,0.3212435233,0.8870918523,0.004748201439,0.952895683,0.7924713824,0.1699255983,0,0,0,1,0
Hokkaido Halfpipe,0.4522334503,0.8510362694,0.5249720273,0.8602261048,0.8730467425,0.2677203542,0.6154642207,1,0,0,1,0
No Pressure,0.1215633679,0.6696891192,0.6032956973,0,0.8893964406,0.7255562421,0.6034815194,0,0,0,1,0
Lemon Market,0.8602944029,0.7461139896,0.3795137829,0.9414182939,0.6839962914,0.8000385333,0.1514068781,0,0,0,1,0
everything i once held dear,0.856274098,0.7810880829,0.3154307802,0.9588900308,0.7459804165,0.2744371143,0.6840924193,0,0,0,1,0
Coconut Crab,0.3346395304,1,0.43240769,0.8705035971,0.8468374754,0.3278988035,0.9215677731,1,0,0,1,0
Terracotta,0.9557766455,0.7772020725,0.4466483572,0.9311408016,0.8123742113,0.2545060756,0.4237409994,0,0,0,1,0
Soft Breeze,0.9567817218,0.3860103627,0.1343708677,0.9208633094,0.6136677144,0.573409337,0.03855161821,0,0,0,1,0
Pleasure Management,0.8301421158,0.7875647668,0.1791272505,0.8951695786,0.7312815178,0.6932280974,0.6176428937,0,0,0,1,0
Blue Skies,0.4160507057,0.6606217617,0.7619774184,0.02559095581,0.8969041858,0.4676951083,0.7592566368,1,0,0,1,0
resilience,0.006160514293,0.3082901554,0.7243413691,1.44E-06,0.9147690012,0.6922647639,0.4989052168,0,0,0,1,0
Skyline Moods,0.08517960813,0.7435233161,0.4140982606,0.8869475848,0.8370231338,0.7658568021,0.8616542664,1,0,0,1,0
Blue Sky,0.750741093,0.4715025907,0.4761468823,0.7677286742,0.7407566541,0.3606521436,0.9215677731,1,0,0,1,0
Down in strenght,0.4532385265,0.6606217617,0.1140270573,0.9352517986,0.6893331223,0.3589447179,0.1372455038,0,0,0,1,0
My Cat Picks Cactus Flowers,0.9075329861,0.7474093264,0.2645712542,0.901336074,0.64801791,0.2945741069,0.5272279654,0,0,0,1,0
Summertalks,0.974873094,0.5777202073,0.01729223884,0.9116135663,0.4784830737,0.3213680665,0.1383348402,0,0,0,1,0
Magic Mind,0.894466995,0.6955958549,0.02746414403,0.802672148,0.596029036,0.6667663219,0.09432564625,0,0,0,1,0
TRUE LOVE,0.01824153067,0.7577720207,0.8738683755,6.26E-06,0.9208294702,0.2947335552,0.4226516629,0,0,0,1,0
Home,0.3386598354,0.6994818653,0.7579086563,0,0.885280749,0.3138341339,1,0,0,0,1,0
Floatation Device,0.1868933234,0.8976683938,0.2859322551,0.1788283659,0.7644331879,0.5004484484,0.7941154043,0,0,0,1,0
Milky Way,0.000437610194,0.4948186528,0.9959312379,0.9393627955,1,0.9520791395,0.3028246495,0,0,0,1,0
Kitty Got Claws,0.8110456672,0.7966321244,0.4517343098,0.6557040082,0.7474503064,0.8658176044,0.4640464493,0,0,0,1,0
Nowhere,0.0007270721506,0.378238342,0.9715186654,0,0.9677302639,0.8930101848,0.4978158803,0,0,0,1,0
Nice monsters and scary spirits,0.5648019889,0.6683937824,0.2554165395,0.9157245632,0.8360733588,0.9107820275,0.3529341278,0,0,0,1,0
Passeio,0.8834111564,0.3665803109,0.4822500254,0.9331963001,0.7363243708,0.4936187458,0.5054412357,0,0,0,1,0
Gero-Gero,0.4602740602,0.7448186528,0.2788119215,0.7728674203,0.8560638611,0.8265003089,0.4749398142,0,0,0,1,0
Urban Chillax,0.9547715693,0.7292746114,0.4303733089,0.9825282631,0.7867529002,0.8666281333,0.1121907646,0,0,0,1,0
Mooging Away,0.2461928215,0.8626943005,0.3469636863,0.52004111,0.7762827616,0.8798955614,0.7647033192,0,0,0,1,0
Euá,0.8743654702,0.7759067358,0.3347574001,0.9383350462,0.7975170168,0.2214471263,0.2734125644,0,0,0,1,0
Inner Peace,0.9819086277,0,0.003031227749,0.8509763618,0.2502657109,0.7105215953,0.1481388686,0,0,0,1,0
Mystiqa,0.2733298799,0.9637305699,0.4202014037,0.1438848921,0.801881459,0.6398461324,0.193891001,0,0,0,1,0
In My Lifetime,0.5416852355,0.689119171,0.8972637575,0,0.9610139979,0.3566858669,0.8997810434,0,0,0,1,0
Ocean view,0.07673696773,0.6502590674,0.7406164175,0,0.9267994844,0.2702781709,0.7167725139,0,0,0,1,0
Enough,0.2210659155,0.8005181347,0.5504017903,0,0.8609031908,0.6662614022,0.263608536,0,0,0,1,0
WDY,0.2059897719,0.7655440415,0.8280948022,0,0.9699916329,0.5669118184,0.5348533208,0,0,0,1,0
Leap Year,3.55E-05,0.5362694301,0.997965619,3.29E-06,0.9791954049,0.2346414738,0.6437869694,0,0,0,1,0
Colora,0.01452274859,0.8911917098,0.4802156444,1.87E-05,0.8749236788,0.533793076,0.6089282018,0,0,0,1,0
Heaven's Nite,0.8623045554,0.7642487047,0.4517343098,0.950668037,0.7711268402,0.2412851534,0.4673144588,0,0,0,1,0
ambar,0.5768629038,0.6761658031,0.4639405961,0,0.8723231044,0.9327194573,0.8148127975,0,0,0,1,0
City,0.04216234514,0.7240932642,0.5483674092,0,0.9320006332,0.5341717657,0.7886687219,0,0,0,1,0
take five,0.5416852355,0.4235751295,0.2625368732,0.0008016443988,0.7465683725,0.8945249437,0.6514123248,0,0,0,1,0
Vivid Awake,0.9859289327,0.5284974093,0.25643373,0.9763617677,0.5934510753,0,0.6830030828,0,0,0,1,0
study in lo-fi hillshade,0.9386903495,0.6748704663,0.5371783135,0.9712230216,0.706587368,0.6665205057,0.1361561673,0,0,0,1,0
Color Me,1,0.3031088083,0.1374224392,0.9753340185,0.4607991678,0.3261182974,0.2712338914,0,0,0,1,0
Artifacts,0.6632994603,0.8497409326,0.4649577866,0.9434737924,0.7303543565,0.533666846,0.267965882,0,0,0,1,0
that 90s low,0.0513437868,0.7585669782,0.6094898173,0.800209205,0.8009438956,0.7121261156,0.7394789579,1,0,0,1,0
Breath Out,0.9788268886,0.222741433,0.2767163552,0.960251046,0.4923694425,0.111897416,0.4822979292,0,0,0,1,0
Ice Cubes,0.3789220668,0.6526479751,0.5863951291,0.6464435146,0.7392378264,0.1723086438,0.5112447116,1,0,0,1,0
Fiasco,0.3516994951,0.6433021807,0.3879907621,0.9665271967,0.5855681016,0.1586657749,0.4589178357,1,0,0,1,0
Gas Station Oasis,0.8648953847,0.8193146417,0.08461053958,0.9341004184,0.3431104446,0.6552244924,0.4266310399,0,0,0,1,0
nightfall,1,0.3613707165,0,0.9843096234,0,0.07296813308,0.097083055,0,0,0,1,0
Beach Day,0.4051363952,0.8660436137,0.3187066975,0.6066945607,0.3862473536,0.6837759894,0.477844578,0,0,0,1,0
peach lemonade,0.7247495523,0.6417445483,0.3407516271,0.8765690377,0.4739767114,0.8280581386,0.6604319751,1,0,0,1,0
grind,0.0493273,0.5763239875,0.7092168801,0,0.8042078335,0.8287197854,0.2317969272,0,0,0,1,0
Essence,0.02664182355,0.9641744548,0.6997690531,8.97E-06,0.784447777,0.2811495394,0.6281451792,1,0,0,1,0
Jicaletas,0.01877752504,0.7975077882,0.4352298971,0.5366108787,0.6440102329,0.5691169173,0.8129592518,1,0,0,1,0
Purple Tie,0.9354724225,0.769470405,0.2011337392,0.9487447699,0.4682427664,0.1228505469,0.4232910265,0,0,0,1,0
can you call me back,0.9445466131,0.7429906542,0.2620197355,1,0.5667784051,0.05917423605,0.3119572478,0,0,0,1,0
Still Trying,0.8195244318,0.4439252336,0.1108545035,0.001830543933,0.3867766408,0.115471747,0.2284569138,0,0,0,1,0
haze avenue,0.4343754537,0.761682243,0.253621667,0.9121338912,0.6474947071,0.07232806173,0.1583166333,0,0,0,1,0
The Simple Life,0.7328154995,0.761682243,0.4866680663,0.9822175732,0.6513761468,0.1442821492,0.4488977956,1,0,0,1,0
Solitaire,0.1228282437,0.7180685358,0.6210371615,0,0.7140525759,0.7554855552,0.5012246716,0,0,0,1,0
Aerials,0.0007450918711,0.2087227414,0.9254671426,0.03619246862,0.8631792519,0.1036196394,0.2106435092,0,0,0,1,0
Soft Break,0.6773621126,0.5186915888,0.2221289104,0.9309623431,0.4879146083,0.1450948241,0.4132709864,0,0,0,1,0
Summers Up,0.3960622046,0.9112149533,0.1056057107,0.7813807531,0.2863443896,0.1083446604,0.4756179025,0,0,0,1,0
poolSide,0.407152882,0.722741433,0.253621667,0.809623431,0.5217007763,0.0796996699,0.4889779559,1,0,0,1,0
Birdie's Best Brownies,0.8366645695,0.6557632399,0.5339072013,0.9780334728,0.69751235,0.1088049365,0.953239813,1,0,0,1,0
freefall,0.05527593605,0.4719626168,0.6619777451,0.0004592050209,0.6709156669,0.294612613,0.3019372077,0,0,0,1,0
Calico Citrus,0.9616867509,0.5514018692,0.1853873609,0.9560669456,0.1726358504,0.03685084899,0.1661099978,0,0,0,1,0
Satisfaction,0.0746342093,0.8130841121,0.9391140038,0.03682008368,0.7729357798,0.4393334628,0.3030505455,0,0,0,1,0
Easy On Me,0.5825872332,0.5825545171,0.3418013857,0,0.7175370501,0.5541076039,0.1026497439,0,1,0,0,0
Happier,0.1923970382,0.7118380062,0.7889985303,0,0.9279287227,0.2522959862,0.7049654865,0,1,1,0,0
when the party's over,0.9858845924,0.2133956386,0.07411295402,4.15E-05,0.4279728299,0.1273526218,0.1783567134,0,1,0,0,0
Be Alright,0.7025681976,0.5031152648,0.5727482679,0,0.7704657728,0.4440944429,0.4511244712,0,1,1,0,0
idfc,0.6158592654,0.6230529595,0.4824690321,4.23E-05,0.6630204658,0.574891943,0.3086172345,0,1,1,0,0
sleeping with ghosts,0.04902482699,0.6557632399,0.3837917279,0,0.7206686662,0.381417794,0.1772433756,0,1,0,0,0
Jocelyn Flores,0.4726887028,1,0.3680453496,4.32E-06,0.6458627382,0.4968607737,0.4444444444,0,1,0,0,0
Someone Like You,0.9001839036,0.507788162,0.2924627336,0,0.6852505293,0.5052464275,0.2852371409,0,1,1,0,0
Robbery,0.3305263837,0.6121495327,0.6840226748,0,0.8232621736,0.1076254792,0.5880650189,0,1,0,0,0
changes,0.8901014696,0.6838006231,0.2809153895,0,0.6051076217,0,0.5368514807,0,1,1,0,0
Get You The Moon (feat. Snøw),0.7257577957,0.4174454829,0.2042830149,0,0.3196012703,0.3882356326,0.05755956357,0,1,1,0,0
Memories,0.009693252029,0.1713395639,0.6756246063,0,0.7710391673,0.3454587298,0.5769316411,0,1,0,0,0
Someone You Loved,0.7570133411,0.4221183801,0.3827419693,0,0.7986944248,0.3233223299,0.4544644845,0,1,0,0,0
5 Years,0.3537159819,0.8925233645,0.5328574428,0,0.735885674,0.4099908664,0.7929191717,0,1,0,0,0
7 Years,0.2891884044,0.8333333333,0.4541255511,0,0.7920783345,0.3959668314,0.3364506791,0,1,0,0,0
Half A Man,0.8618706545,0.4314641745,0.1717404997,0,0.5386379675,0.09227815055,0.3397906925,0,1,0,0,0
COULD'VE HAD IT ALL,0.05749407153,0.4672897196,0.5926936805,5.87E-05,0.6614767114,0.7088034981,0.1995101314,0,1,0,0,1
Everybody Dies In Their Nightmares,0.8538047073,0.785046729,0.555952131,2.24E-05,0.7375176429,0.4676044791,0.7250055667,0,1,0,0,0
Sorry,0.407152882,0.3909657321,0.7942473231,0,0.868604446,0.2251253173,0.5090180361,0,1,1,0,0
what i would do,0.00265571311,0.5171339564,0.726013017,0.0004644351464,0.7052752294,0.4668637223,0.1482965932,0,1,0,0,0
Let It Go,0.8245656487,0.492211838,0.2840646651,1.73E-05,0.5906404375,0.5935403137,0.2317969272,0,1,1,0,0
thoughts while we lay,0.5654470955,0.7647975078,0.08356078102,6.43E-05,0.5223623853,0.3584543356,0.2941438432,0,1,0,0,0
"i hate u, i love u (feat. olivia o'brien)",0.6924857636,0.4080996885,0.2462733571,0,0.4581422018,0.198968694,0.1583166333,0,1,1,0,0
Arms Around You,0.03027149978,0.7367601246,0.71656519,2.15E-06,0.8087949894,0.2879242271,0.2785571142,0,1,1,0,0
Unreachable,0.9253899885,0.7679127726,0.1580936385,0.0001872384937,0.3631351447,0.5834789675,0.2741037631,0,1,0,0,0
Without You (feat. Usher),0.2286938005,0.5887850467,0.6021415075,4.00E-06,0.8847918137,0.4527318101,0.4054776219,1,0,0,0,0
Next To You (feat. Justin Bieber),0.02008824146,0.6853582555,0.6672265379,0,0.8407727594,0.3598783145,0.3464707192,1,0,1,0,0
Want to Want Me,0.008957234348,0.8489096573,0.6714255721,0,0.8062367678,0.3530532841,0.6882654197,1,0,0,0,0
Childs Play,0.01746680863,0.8037383178,0.4562250682,1.15E-05,0.5532815808,0.1083950031,0.2830104654,1,0,0,0,0
AOK,0.1258529739,0.7803738318,0.6147386101,0,0.7440014114,0.1262450826,0.9176130038,1,0,0,0,0
Too Close,0.1681991966,0.2959501558,0.5433550283,0,0.7965331687,0.7267542629,0.5568915609,1,0,0,0,0
Up Up & Away,0.0726177225,0.6697819315,0.8824270418,3.56E-05,0.7792872265,0.3961466267,0.6103317747,1,0,0,0,1
Home,0.3396005743,0.6806853583,0.7417593953,0,0.7378263938,0.1580976217,0.9799599198,1,0,0,0,0
That's What I Like,0.01292971334,0.9704049844,0.5454545455,0,0.8303634439,0.4971844053,0.9153863282,1,0,0,0,0
Marry You,0.3345593573,0.6090342679,0.8183917699,0,0.8345977417,0.5751364646,0.4611445112,1,0,1,0,0
my ex's best friend (with blackbear),0.004591540435,0.7803738318,0.6661767793,0,0.8227328864,0.4315447295,0.2896904921,1,0,0,0,1
The Nights,0.01655938957,0.4626168224,0.8341381482,0,0.8154992943,0.4390529821,0.6860387442,1,0,0,0,1
Love Me Less (feat. Quinn XCII),0.08330510252,0.7819314642,0.8561830779,0,0.9521436133,0.5760642085,0.8162992652,1,0,0,0,0
Drew Barrymore,0.4948700576,0.5404984424,0.5066134789,0,0.8049135498,0.5033981316,0.2807837898,1,0,1,0,0
La La Land (feat. YG),0.2226443401,0.8473520249,0.4541255511,0,0.8232621736,0.2374664682,0.4210643509,1,0,0,0,0
Sour Patch Kids,0.01434125409,0.4563862928,0.7795507033,1.79E-05,0.8249382498,0.08381338684,0.6047650857,1,0,0,0,0
Rockabye (feat. Sean Paul & Anne-Marie),0.4091693688,0.7632398754,0.7585555322,0,0.869751235,0.2663200213,0.7840124694,1,0,0,0,1
The Greatest (feat. Kendrick Lamar),0.01010663182,0.6822429907,0.7186647071,0.0005010460251,0.7789343684,0.9134321488,0.7695390782,1,0,0,0,0
Pursuit Of Happiness - Extended Steve Aoki Remix,0.009390779009,0.7663551402,0.678773882,0.004320083682,0.8203069866,0.4536523622,0.6470719216,1,0,0,0,1
Heroes (we could be),0.0305739728,0.4252336449,0.7428091539,0,0.8672812279,0.4384272944,0.3542640837,1,0,0,0,1
Summer,0.02109648486,0.5700934579,0.8561830779,0.01861924686,0.8923341567,0.4531920861,0.7851258072,1,0,0,0,1
Feel So Close - Radio Edit,0.0008025617448,0.7429906542,0.9275666597,0.007353556485,0.9238267466,0.4531057844,0.9810732576,1,0,0,0,1
Let's Go (feat. Ne-Yo),0.007656600365,0.7476635514,0.8834768003,0.008064853556,0.9198570924,0.4536739376,0.932086395,1,0,0,0,1
Outside (feat. Ellie Goulding),0.2145783929,0.6479750779,0.8215410456,0,0.8673253352,0.453810582,0.4232910265,1,0,0,0,1
Gold,0.6582054881,0.4439252336,0.5800965778,0.1694560669,0.8374206069,0.2123958086,0.128256513,1,0,0,0,0
I'm Yours,0.5634306087,0.7367601246,0.423682553,0,0.6376146789,0.6186828914,0.7506123358,0,0,1,0,0
You're The One,0.03238881092,0.9252336449,0.3732941423,0.002991631799,0.6229710656,0.3819859472,0.2395902917,0,0,1,0,0
Wake Me Up - Acoustic Guitar & Saxophone Edit,0.7479391505,0.6619937695,0.319756456,0,0.5815984474,0.2546764763,0.3609441104,0,1,1,0,0
Stand by Me,0.05951055832,0.8193146417,0.5685492337,0,0.7084068454,0.4972131725,0.6314851926,0,0,1,0,0
Eyes Are Blue,0.7146671184,0.6168224299,0.2609699769,9.28E-06,0.5267290049,0.440016685,0.1505232688,0,1,1,0,0
Turn Me On,0.8709448451,0.3099688474,0.1465462944,4.60E-06,0.5774964714,0.7602537272,0.4978846582,0,0,1,0,0
Shallow,0.3738808498,0.5327102804,0.3617467982,0,0.7685691602,0.2219753033,0.3175239368,0,1,1,0,0
One Life,0.2176031231,0.3629283489,0.8257400798,0,0.8537844037,0.7823613598,0.4021376086,0,0,1,0,0
You Are The Reason,0.9253899885,0.1542056075,0.2042830149,0,0.7095977417,0.7628499716,0.2028501447,0,1,1,0,0
Say You Won't Let Go,0.7005517108,0.199376947,0.5423052698,0,0.7228740296,0.1446201644,0.5079046983,0,0,1,0,0
It'll Be Okay,0.6209004823,0.261682243,0.2578207012,0.0001527196653,0.5251411433,0.09585248154,0.03206412826,0,1,1,0,0
Can't Forget Interlude,0.7045846844,0.8426791277,0.2882636993,0,0.6907639379,0.2315404144,0.2084168337,0,1,1,0,0
Selfish,0.1147622965,0.6355140187,0.5874448877,0,0.7915931546,0.2664350903,0.002338009352,0,1,1,0,0
Forget Me,0.0002429866589,0.6604361371,0.8761284904,0.0089958159,0.8354798871,0.2520083137,0.5390781563,0,1,1,0,0
Rest,0.4091693688,0.2492211838,0.6157883687,9.48E-05,0.6164431898,0.5694621243,0.2618570474,0,1,1,0,0
Another Love - Zwette Edit,0.08068366968,0.9968847352,0.5391559941,0.07730125523,0.7921224418,0.4247772336,0.4722778891,0,0,1,0,0
She Will Be Loved,0.2297020439,0.6557632399,0.6535796767,0,0.8035462244,0.2665717347,0.4756179025,0,0,1,0,0
Picasso,0.1561002759,0.8676012461,0.5297081671,0,0.7745677488,0.5386883572,0.2206635493,0,0,0,1,0
Out of Time,0.2569246157,0.6542056075,0.7554062566,0,0.8541372618,0.2022553525,0.8908928969,0,0,1,0,0
Palms (with Little Rain),0.2307102873,0.9501557632,0.6199874029,0,0.8189396613,0.2959071393,0.6403918949,0,0,1,0,1
My Mind & Me,0.5704883124,0.5763239875,0.3659458325,0,0.7965772759,0.5655857372,0.2295702516,0,1,0,0,0
El Ritmo - Radio Edit,0.2216360967,0.7087227414,0.8876758346,0.7907949791,0.73998765,0.4247053155,0.6014250724,0,0,0,0,1
Been Dreaming,0.0003659923535,0.6978193146,0.9737560361,0.3964435146,0.8446983063,0.4820815983,0.6303718548,1,0,0,0,1
Gone In The Morning,0.04327783962,0.9548286604,0.3890405207,0.0009633891213,0.7019671842,0.4677698908,1,0,0,0,0,1
Show Me All Your Love,0.006285389343,0.5529595016,0.9317656939,0.008378661088,0.7489414255,0.4244464102,0,0,0,0,0,1
Say It - Extended Mix,0.002766619884,0.5965732087,0.9769053118,0.02416317992,0.9389996471,0.453659554,0.452237809,0,0,0,0,1
Don't Need Your Love,0.02301214732,0.5358255452,0.8005458744,0,0.773950247,0.1449150287,0.613671788,0,0,1,0,1
Back Around,0.2387762345,0.8738317757,0.7218139828,0.6736401674,0.7640261115,0.3952836091,0.4756179025,1,0,0,0,1
Higher With You - Arggic Remix,0.07846553421,0.6090342679,0.8887255931,0.1631799163,0.7597035992,0.3960890922,0.02004008016,0,0,0,0,1
Heat,0.4434496443,0.8271028037,0.508712996,7.01E-06,0.7448394495,0.1146087294,0.5490981964,0,0,0,0,1
Remember My Name,0.0003347368081,0.1292834891,0.6829729162,0.4424686192,0.9168136909,1,0.6203518147,0,0,0,0,1
Goodbye,0.4494991047,0.5124610592,0.4541255511,0.001474895397,0.7090243472,0.4048487202,0.399910933,0,1,0,0,0
Far Away,0.000509162916,0.4485981308,0.7942473231,0,0.8218948483,0.4889282041,0.2841238032,0,0,0,0,1
My Lady - Original Club Mix,0.00468228234,0.6588785047,0.9002729372,0.03420502092,0.8276287932,0.4965515257,0.9075929637,1,0,0,0,1
Red Palms,0.09933617255,0.5747663551,0.914969557,0.2447698745,0.6955275229,0.4391464757,0.2830104654,0,0,0,0,1
Aku,0,0.3271028037,1,0.001286610879,1,0.7570246032,0.1560899577,0,0,0,0,1
Darling Please,0.3214521931,0.5732087227,0.754356498,0.005951882845,0.6853828511,0.2075916776,0.8508127366,0,0,0,0,1
Underwater,0.01897917372,0.5934579439,0.8068444258,0.01935146444,0.7567484121,0.3816623156,0.4344244044,0,0,1,0,1
Cosmic,0.001516398071,0.06386292835,0.7155154315,0.01161087866,0.6952187721,0.446510892,0.1382765531,0,0,1,0,1
Teach Me to Love Again,0.04579844811,0.4563862928,0.90552173,0,0.7994883557,0.4534078405,0.2473836562,0,0,0,0,1
Keys,0.2327267741,0.9657320872,0.4163342431,0.910041841,0.5723800282,0.5972009464,0.9220663549,0,0,0,0,1
Dance With Me Tonight - Radio Version,0.003633709206,0.6682242991,0.9989502414,0.8650627615,0.9238708539,0.5401051443,0.6916054331,0,0,0,0,1
Can't Hold Me Down,0.002433899563,0.484423676,0.9370144867,0.0005470711297,0.8347300635,0.1801333362,0.1182364729,0,0,0,0,1
Defeating Darkness,0.006648356967,0,0.8792777661,0.370292887,0.7717889908,0.5401267197,0.4132709864,0,0,0,0,1
You Own the Night,0.2387762345,0.691588785,0.5779970607,0.0003483263598,0.6646083275,0.4244751775,0.5880650189,0,0,1,0,1